{"bot1":{"w1":[[-0.16076810657978058,0.0672772228717804,-0.007913967594504356,-0.14181312918663025,0.4143792390823364,0.014972117729485035,0.09415821731090546,-0.06133805587887764,0.232366144657135,-0.7544052600860596,0.32483839988708496,-0.2597830593585968,0.18756265938282013,-0.35030367970466614,-0.13711068034172058,-0.772140383720398],[0.35454145073890686,0.32213079929351807,0.05592440068721771,0.45676153898239136,-0.5551100969314575,-0.08455078303813934,-0.054462797939777374,0.3321155905723572,0.1972758024930954,0.09675601869821548,0.17386971414089203,-0.39816808700561523,0.10975968092679977,-0.08925221860408783,-0.43813228607177734,-0.6537012457847595],[0.15233272314071655,0.06597039103507996,-0.1118040531873703,0.027084829285740852,0.449979692697525,0.7786754965782166,-0.6134322285652161,-0.7235891819000244,0.6112819314002991,-0.8214179277420044,0.4824743866920471,-0.39823728799819946,-0.05984054505825043,0.7485356330871582,-0.4929388761520386,-0.4260248839855194],[0.22175940871238708,-0.07965141534805298,0.08217829465866089,-0.06889118254184723,-0.3686857223510742,0.1038559153676033,0.20645497739315033,0.04844451695680618,0.2314048856496811,0.12325134873390198,-0.18750090897083282,-0.4180286228656769,0.31147921085357666,-0.10712536424398422,-0.3073645830154419,0.019527744501829147],[-0.5371910333633423,0.8777033090591431,0.6428233981132507,-0.6768238544464111,-0.12040147185325623,-0.7405076026916504,0.41658133268356323,0.1101827323436737,0.06716734915971756,0.11659160256385803,0.6349605917930603,-0.051343705505132675,1.0559078454971313,0.5818654298782349,0.07270144671201706,0.2565802037715912]],"b1":[0.4123327136039734,-0.197578564286232,0.04496356472373009,0.4253450930118561,0.19626617431640625,0.3149454891681671,0.0905829668045044,0.32289427518844604,-0.025933943688869476,-0.03515727445483208,0.029836686328053474,0.3111167550086975,-0.01648091897368431,-0.12822039425373077,0.014865693636238575,0.13741916418075562],"w2":[[-0.023643799126148224,-0.3676554262638092,0.38324272632598877,-0.284329354763031,0.005043991841375828,0.3432048559188843,-0.35266467928886414,-0.32679110765457153,0.7558486461639404,-0.37097886204719543,-0.08103945851325989,0.7368831634521484,0.26732534170150757,-0.04174375906586647,0.6186486482620239,0.10410872846841812],[0.053928442299366,0.10454744845628738,-0.20981544256210327,0.4548952877521515,-0.035718005150556564,-0.278014212846756,0.3406268358230591,0.3072546124458313,-0.23608888685703278,-0.07087849080562592,0.41257980465888977,-0.5127982497215271,-0.4255191385746002,0.22418299317359924,-0.06869290769100189,0.4268074929714203],[0.18416933715343475,0.021198034286499023,-0.07829651981592178,0.2874191105365753,-0.44183164834976196,0.04455631598830223,0.6477513313293457,0.2477761209011078,-0.2119072526693344,0.4785694479942322,0.14002546668052673,-0.019877128303050995,-0.2536622881889343,-0.26039451360702515,-0.44698458909988403,-0.14509017765522003],[-0.2070195972919464,-0.16866561770439148,0.1836407631635666,-0.8198797702789307,-0.1257915198802948,0.45431143045425415,-0.17685119807720184,-0.6192046999931335,0.19141831994056702,-0.48670053482055664,-0.48755693435668945,-0.0022802765015512705,0.35936540365219116,-0.32338693737983704,0.7866121530532837,0.2815363109111786],[-0.2183365523815155,0.2395937293767929,0.7163756489753723,-0.34246307611465454,-0.06130871921777725,0.57492995262146,-0.14659351110458374,-0.69734126329422,-0.8171369433403015,0.2148119956254959,0.09779012203216553,0.439799040555954,-0.16987597942352295,-0.17171703279018402,0.2662627696990967,-0.3684985041618347],[-0.12136805057525635,0.16379886865615845,0.734264612197876,-0.015917684882879257,-0.2542649507522583,-0.046176303178071976,-0.4765784740447998,-0.1761711835861206,-0.6854286789894104,-0.7769875526428223,-0.4840672016143799,0.9039151072502136,0.6396011710166931,0.17651662230491638,0.7438833713531494,-0.2902277112007141],[0.007884291931986809,-0.26436224579811096,0.24298319220542908,0.11550692468881607,0.36555203795433044,0.12948910892009735,0.3910159170627594,0.15672901272773743,0.22529762983322144,0.061165571212768555,-0.4504009187221527,0.10485619306564331,0.17225845158100128,-0.13939377665519714,-0.3701689839363098,0.11027976870536804],[-0.08672651648521423,0.14184869825839996,0.2679644525051117,-0.2093246430158615,-0.3727071285247803,0.4729006886482239,0.2005104422569275,-0.4210738241672516,0.2372162938117981,-0.12339241057634354,-0.8297562003135681,0.3633264899253845,0.28523585200309753,-0.03151477128267288,-0.4439941644668579,0.1760287582874298],[0.18828682601451874,-0.2779024541378021,-0.3099665641784668,0.1747620701789856,-0.18759389221668243,-0.15284065902233124,0.2693635821342468,0.10022925585508347,-0.3181414306163788,-0.6211528182029724,0.4956700801849365,-0.3256458044052124,0.13785211741924286,-0.39391225576400757,0.6863319277763367,0.5017066597938538],[-0.5569365620613098,-0.005398514214903116,0.32318487763404846,0.08973027020692825,0.17245160043239594,0.10869358479976654,-0.20873573422431946,0.2140883207321167,-0.22568215429782867,-0.7253617644309998,-0.08936716616153717,0.48520946502685547,0.9463882446289062,-0.25966817140579224,0.3587404787540436,-0.28122514486312866],[0.14620669186115265,-0.30243685841560364,-0.20633041858673096,0.05449929088354111,-0.28859853744506836,0.07301796972751617,0.506346583366394,0.4795372784137726,0.040773529559373856,0.2488613724708557,0.3153535723686218,0.3052026629447937,-0.04059172049164772,-0.010290133766829967,-0.08662708848714828,0.38085946440696716],[0.30201759934425354,-0.005403288174420595,-0.5361833572387695,0.1413109302520752,-0.08946429193019867,-0.16385114192962646,0.3793288469314575,0.9436156153678894,0.4534079432487488,-0.08477093279361725,-0.6063587665557861,-0.11215178668498993,-1.178527593612671,0.04850170761346817,0.3850528299808502,-0.29786962270736694],[0.22915950417518616,-0.10822340846061707,0.12086182832717896,-0.011417574249207973,0.09984420984983444,-0.3874603807926178,0.7696702480316162,0.3169449269771576,-0.1372278481721878,0.37672799825668335,0.2668832242488861,-0.4729718863964081,0.09558045864105225,-0.3111409842967987,-0.6496988534927368,-0.21976402401924133],[0.32155105471611023,-0.02488522231578827,-0.3302799165248871,0.8253718614578247,-0.05316884070634842,0.1562739461660385,0.917116105556488,0.7242217063903809,-0.570345401763916,-0.6337085366249084,0.7413625717163086,-0.38847440481185913,-0.016516348347067833,-0.160695418715477,0.13811177015304565,0.16240814328193665],[0.1649145483970642,0.02647760510444641,-0.5283685922622681,0.7754827737808228,-0.20628038048744202,0.0881064236164093,-0.08426879346370697,-0.13055896759033203,0.21452350914478302,0.2999928891658783,0.28618964552879333,-0.12645269930362701,-0.4560307264328003,0.09669642895460129,0.4436972141265869,0.06494065374135971],[0.27423742413520813,-0.07172852754592896,-1.250058650970459,0.759310245513916,0.12984080612659454,-1.0356636047363281,0.6022466421127319,0.7803452610969543,1.564483404159546,-0.5965465903282166,-0.26059073209762573,-1.3104031085968018,-0.7472960352897644,-0.1361204832792282,0.20525000989437103,0.9461329579353333]],"b2":[0.14973893761634827,-0.021681074053049088,0.2508713901042938,-0.0800623670220375,-0.015248770825564861,0.13350501656532288,-0.011347195133566856,-0.15850712358951569,0.18007120490074158,0.04321248084306717,-0.11334896087646484,0.2974753975868225,0.15299001336097717,-0.026876702904701233,0.2711770236492157,-0.030579330399632454],